TS_Machine,tag
1555572864.15115,1.275194E+09
